{
    "unit": {
        "current": "A",
        "frequency": "MHz"
    },
    "qubit_freq_vs_current": {
        "-0.0028 A": 4636.460321,
        "-0.0025 A": 4633.081206,
        "-0.0023 A": 4625.6479,
        "-0.0021 A": 4613.028754,
        "-0.0019 A": 4595.701407,
        "-0.0017 A": 4573.402983,
        "-0.0015 A": 4545.70999,
        "-0.0013 A": 4508.630268,
        "-0.0009 A": 4392.046501,
        "-0.0011 A": 4459.430706,
        "-0.0004 A": 4062.185662,
        "-0.0002 A": 3837.722,
        "0.0003 A": 3103.706826,
        "0.0005 A": 2773.592041,
        "0.0006 A": 2672.774531,
        "0.0007 A": 2547.250881
    }
}