{
    "timestamp": "2025-11-12-19:26:35",
    "instrument": {
        "yoko_mode": "A",
        "yoko_unit_scaled": "-2.10 mA"
    },
    "calibration_results": {
        "resonator_frequency_MHz": 5351.3219,
        "qubit_frequency_MHz": 4614.181892,
        "rabi_pi_gain": 0.7244709870523182,
        "rabi_pi2_gain": 0.3636819522777109,
        "sigma": 0.025,
        "T2_ramsey_us": 2.3479352678571432,
        "T2_echo_us": 2.761084698442295,
        "T1_us": 6.166775000966053
    }
}