{
    "timestamp": "2025-11-12-20:09:40",
    "instrument": {
        "yoko_mode": "A",
        "yoko_unit_scaled": "-2.50 mA"
    },
    "calibration_results": {
        "resonator_frequency_MHz": 5351.5427,
        "qubit_frequency_MHz": 4633.103994,
        "rabi_pi_gain": 0.7530872962941658,
        "rabi_pi2_gain": 0.3750326754216538,
        "sigma": 0.025,
        "T2_ramsey_us": 3.394716751929112,
        "T2_echo_us": 4.978385950241853,
        "T1_us": 8.475502358790076
    }
}