{
    "timestamp": "2025-11-12-20:25:43",
    "instrument": {
        "yoko_mode": "A",
        "yoko_unit_scaled": "-1.90 mA"
    },
    "calibration_results": {
        "resonator_frequency_MHz": 5351.3974,
        "qubit_frequency_MHz": 4596.227765,
        "rabi_pi_gain": 0.6839710775351202,
        "rabi_pi2_gain": 0.3466323781472204,
        "sigma": 0.025,
        "T2_ramsey_us": 2.5855642473616576,
        "T2_echo_us": 3.2442110018568853,
        "T1_us": 7.482596126200052
    }
}