{
    "timestamp": "2025-11-12-20:36:36",
    "instrument": {
        "yoko_mode": "A",
        "yoko_unit_scaled": "-1.50 mA"
    },
    "calibration_results": {
        "resonator_frequency_MHz": 5351.1983,
        "qubit_frequency_MHz": 4545.494195,
        "rabi_pi_gain": 0.6180941397664779,
        "rabi_pi2_gain": 0.31804572478216325,
        "sigma": 0.025,
        "T2_ramsey_us": 2.3479352678571432,
        "T2_echo_us": 2.3479352678571432,
        "T1_us": 16.193264625410848
    }
}