{
    "timestamp": "2025-11-12-20:21:03",
    "instrument": {
        "yoko_mode": "A",
        "yoko_unit_scaled": "-2.10 mA"
    },
    "calibration_results": {
        "resonator_frequency_MHz": 5351.4265,
        "qubit_frequency_MHz": 4613.303802,
        "rabi_pi_gain": 0.7289725414449387,
        "rabi_pi2_gain": 0.38400686567013687,
        "sigma": 0.025,
        "T2_ramsey_us": 2.3479352678571432,
        "T2_echo_us": 2.3479352678571432,
        "T1_us": 6.494277639033954
    }
}