{
    "timestamp": "2025-11-13-13:21:50",
    "instrument": {
        "yoko_mode": "A",
        "yoko_unit_scaled": "500.00 uA"
    },
    "calibration_results": {
        "resonator_frequency_MHz": 5350.6685,
        "qubit_frequency_MHz": 2775.215606,
        "rabi_pi_gain": 0.037776487026688725,
        "rabi_pi2_gain": 0.01720261514127321,
        "sigma": 0.005,
        "T2_ramsey_us": 0.5524553571428572,
        "T2_echo_us": 2.3479352678571432,
        "T1_us": 71.12019448878507
    }
}