{
    "timestamp": "2025-11-13-13:06:43",
    "instrument": {
        "yoko_mode": "A",
        "yoko_unit_scaled": "-200.00 uA"
    },
    "calibration_results": {
        "resonator_frequency_MHz": 5351.2729,
        "qubit_frequency_MHz": 3836.67919,
        "rabi_pi_gain": 0.8700964557519325,
        "rabi_pi2_gain": 0.4571273602365499,
        "sigma": 0.035,
        "T2_ramsey_us": 1.0308640986363138,
        "T2_echo_us": 2.4626307125596507,
        "T1_us": 19.117462331437768
    }
}