{
    "timestamp": "2025-11-13-12:43:46",
    "instrument": {
        "yoko_mode": "A",
        "yoko_unit_scaled": "-1.30 mA"
    },
    "calibration_results": {
        "resonator_frequency_MHz": 5350.9678,
        "qubit_frequency_MHz": 4509.624761,
        "rabi_pi_gain": 0.8605238866684498,
        "rabi_pi2_gain": 0.4506281858545525,
        "sigma": 0.025,
        "T2_ramsey_us": 2.381620500140966,
        "T2_echo_us": 3.2144592846994047,
        "T1_us": 10.942956049724735
    }
}