{
    "timestamp": "2025-11-13-13:00:40",
    "instrument": {
        "yoko_mode": "A",
        "yoko_unit_scaled": "-400.00 uA"
    },
    "calibration_results": {
        "resonator_frequency_MHz": 5351.2933,
        "qubit_frequency_MHz": 4062.106355,
        "rabi_pi_gain": 0.7805422287204641,
        "rabi_pi2_gain": 0.38990478782066335,
        "sigma": 0.025,
        "T2_ramsey_us": 1.339866808300867,
        "T2_echo_us": 3.1975037735540277,
        "T1_us": 21.87319250230178
    }
}