{
    "timestamp": "2025-11-13-12:48:53",
    "instrument": {
        "yoko_mode": "A",
        "yoko_unit_scaled": "-900.00 uA"
    },
    "calibration_results": {
        "resonator_frequency_MHz": 5350.1627,
        "qubit_frequency_MHz": 4391.726121,
        "rabi_pi_gain": 0.8467662364760942,
        "rabi_pi2_gain": 0.46420612024072494,
        "sigma": 0.025,
        "T2_ramsey_us": 3.5100509303194767,
        "T2_echo_us": 8.637729810959886,
        "T1_us": 17.308728999834738
    }
}