{
    "timestamp": "2025-11-13-12:39:09",
    "instrument": {
        "yoko_mode": "A",
        "yoko_unit_scaled": "-1.50 mA"
    },
    "calibration_results": {
        "resonator_frequency_MHz": 5351.1654,
        "qubit_frequency_MHz": 4546.956352,
        "rabi_pi_gain": 0.6097668790078092,
        "rabi_pi2_gain": 0.29893540628869664,
        "sigma": 0.025,
        "T2_ramsey_us": 1.5515369329360336,
        "T2_echo_us": 3.3798176785956007,
        "T1_us": 14.355823309204702
    }
}